source,headline,article_url,image_url,image_path
Dawn,"Trump threatens to annihilate Iran after tit-for-tat attacks, recriminations over peace deal violations",https://www.dawn.com/news/2011386/trump-threatens-to-annihilate-iran-after-tit-for-tat-attacks-recriminations-over-peace-deal-violations,https://i.dawn.com/thumbnail/2026/06/28142332e1c27a5.webp,data/raw/images/article_1.webp
Dawn,Pakistan’s growing economic engagement with Iran is driven by strategic considerations,https://www.dawn.com/news/2011286,https://i.dawn.com/thumbnail/2026/06/28083932dda1acd.webp,data/raw/images/article_2.webp
Dawn,Editorial: US and Iran should now activate the deconfliction mechanism envisaged in their MoU to prevent escalation,https://www.dawn.com/news/2011280,https://i.dawn.com/thumbnail/2026/06/28082709840fdc4.webp,data/raw/images/article_3.webp
Dawn,3 personnel martyred as attack on Rangers facility in Karachi foiled: ISPR,https://www.dawn.com/news/2011178/3-personnel-martyred-as-attack-on-rangers-facility-in-karachi-foiled-ispr,https://i.dawn.com/medium/2026/06/28095602d55b506.webp,data/raw/images/article_4.webp
Dawn,"Trump threatens to annihilate Iran after tit-for-tat attacks, recriminations over peace deal violations",https://www.dawn.com/news/2011386/trump-threatens-to-annihilate-iran-after-tit-for-tat-attacks-recriminations-over-peace-deal-violations,https://i.dawn.com/medium/2026/06/28142332e1c27a5.webp,data/raw/images/article_5.webp
Dawn,Trump unveils new US passport with his image,https://www.dawn.com/news/2011242/trump-unveils-new-us-passport-with-his-image,https://i.dawn.com/medium/2026/06/28080929a645565.webp,data/raw/images/article_6.webp
Dawn,Mob vandalises suspect’s shop in Sargodha murder case,https://www.dawn.com/news/2011300,https://i.dawn.com/medium/2026/06/28113458d5434a3.webp,data/raw/images/article_7.webp
Dawn,Google limits Meta's use of its Gemini AI models: report,https://www.dawn.com/news/2011390/google-limits-metas-use-of-its-gemini-ai-models-report,https://i.dawn.com/medium/2026/06/28145426102f67b.webp,data/raw/images/article_8.webp
Dawn,"Messi scores again as Argentina beat Jordan, head into FIFA World Cup last 32 on a high",https://www.dawn.com/news/2011368/messi-scores-again-as-argentina-beat-jordan-head-into-fifa-world-cup-last-32-on-a-high,https://i.dawn.com/medium/2026/06/2811454936a178c.webp,data/raw/images/article_9.webp
Dawn,Seminary student dies of torture in Lahore,https://www.dawn.com/news/2011295/seminary-student-dies-of-torture-in-lahore,https://i.dawn.com/medium/2026/06/281026261f47340.webp,data/raw/images/article_10.webp
Dawn,Interior ministry tops AGP audit irregularities,https://www.dawn.com/news/2011270/interior-ministry-tops-agp-audit-irregularities,https://i.dawn.com/medium/2026/06/28090158bd87f69.webp,data/raw/images/article_11.webp
Dawn,Govt school in Hyderabad among top 10 finalists for world’s best school prizes,https://www.dawn.com/news/2011207/govt-school-in-hyderabad-among-top-10-finalists-for-worlds-best-school-prizes,https://i.dawn.com/medium/2026/06/28100045fc75847.webp,data/raw/images/article_12.webp
Dawn,Inside South Asia’s Growing Surveillance Network,https://www.youtube.com/watch?v=8VPU7CoGLmM,"data:image/png;base64,iVBORw0KGgoAAAANSUhEUgAAAAEAAAABCAQAAAC1HAwCAAAAC0lEQVR42mN8Vw8AAmEBb87E6jIAAAAASUVORK5CYII=",
Dawn,World Cup 2026 Preview Ep. 5,https://www.youtube.com/watch?v=BeGoxhRbJyo,"data:image/png;base64,iVBORw0KGgoAAAANSUhEUgAAAAEAAAABCAQAAAC1HAwCAAAAC0lEQVR42mN8Vw8AAmEBb87E6jIAAAAASUVORK5CYII=",
Dawn,Why Electric Bikes Make Economic Sense in Pakistan,https://www.youtube.com/watch?v=OmdyTD0PjPw,"data:image/png;base64,iVBORw0KGgoAAAANSUhEUgAAAAEAAAABCAQAAAC1HAwCAAAAC0lEQVR42mN8Vw8AAmEBb87E6jIAAAAASUVORK5CYII=",
Dawn,Paraguay World Cup 2026 Preview: The Dark Horse Nobody Wants to Face,https://www.youtube.com/watch?v=R-M40PNAjew,"data:image/png;base64,iVBORw0KGgoAAAANSUhEUgAAAAEAAAABCAQAAAC1HAwCAAAAC0lEQVR42mN8Vw8AAmEBb87E6jIAAAAASUVORK5CYII=",
Dawn,Austria World Cup 2026 Preview: Can Rangnick's Side Surprise the Giants,https://www.youtube.com/watch?v=OawwGKr7p7g,"data:image/png;base64,iVBORw0KGgoAAAANSUhEUgAAAAEAAAABCAQAAAC1HAwCAAAAC0lEQVR42mN8Vw8AAmEBb87E6jIAAAAASUVORK5CYII=",
Dawn,"Pakistan Budget 2026-27: More Taxes, Less Growth?",https://www.youtube.com/watch?v=Dg5cpe0W7do,"data:image/png;base64,iVBORw0KGgoAAAANSUhEUgAAAAEAAAABCAQAAAC1HAwCAAAAC0lEQVR42mN8Vw8AAmEBb87E6jIAAAAASUVORK5CYII=",
Dawn,Arsenal Lose UCL Final To PSG,https://www.youtube.com/watch?v=4bXxGJyxZBQ,"data:image/png;base64,iVBORw0KGgoAAAANSUhEUgAAAAEAAAABCAQAAAC1HAwCAAAAC0lEQVR42mN8Vw8AAmEBb87E6jIAAAAASUVORK5CYII=",
Dawn,Mob vandalises suspect’s shop in Sargodha murder case,https://www.dawn.com/news/2011300,https://i.dawn.com/thumbnail/2026/06/28113458d5434a3.webp,data/raw/images/article_20.webp
Dawn,Punjab Assembly passes budget amid opposition walkout,https://www.dawn.com/news/2011298/punjab-assembly-passes-budget-amid-opposition-walkout,https://i.dawn.com/thumbnail/2026/06/28101819551a074.webp,data/raw/images/article_21.webp
Dawn,Lahore High Court strikes down supersession of two senior bureaucrats,https://www.dawn.com/news/2011302/lahore-high-court-strikes-down-supersession-of-two-senior-bureaucrats,https://i.dawn.com/thumbnail/2026/06/28101208972b1dc.webp,data/raw/images/article_22.webp
Dawn,Citywide crackdown on helmetless bikers in Lahore,https://www.dawn.com/news/2011296/citywide-crackdown-on-helmetless-bikers-in-lahore,https://i.dawn.com/thumbnail/2026/06/281022335c9ff29.webp,data/raw/images/article_23.webp
Dawn,"Bodies of woman, three children found at home in Okara",https://www.dawn.com/news/2011301/bodies-of-woman-three-children-found-at-home-in-okara,https://i.dawn.com/thumbnail/2026/06/281015328341e81.webp,data/raw/images/article_24.webp
Dawn,"Sindh budget debate marked by sharp exchanges, calls for civility",https://www.dawn.com/news/2011203/sindh-budget-debate-marked-by-sharp-exchanges-calls-for-civility,https://i.dawn.com/thumbnail/2026/06/28095417c20058c.webp,data/raw/images/article_25.webp
Dawn,"Unfilled govt jobs foster ad-hocism, open door to nepotism, rules Sindh High Court",https://www.dawn.com/news/2011206/unfilled-govt-jobs-foster-ad-hocism-open-door-to-nepotism-rules-sindh-high-court,https://i.dawn.com/thumbnail/2026/06/28095833f58ae93.webp,data/raw/images/article_26.webp
Dawn,"Bodies of woman, minor daughter found inside home in Karachi's Malir",https://www.dawn.com/news/2011205/bodies-of-woman-minor-daughter-found-inside-home-in-karachis-malir,https://i.dawn.com/thumbnail/2026/06/281005085d0046a.webp,data/raw/images/article_27.webp
Dawn,3 personnel martyred as attack on Rangers facility in Karachi foiled: ISPR,https://www.dawn.com/news/2011178/3-personnel-martyred-as-attack-on-rangers-facility-in-karachi-foiled-ispr,https://i.dawn.com/thumbnail/2026/06/28095602d55b506.webp,data/raw/images/article_28.webp
Dawn,Call to increase Karachi Metropolitan Corporation budget from Rs60bn to ‘at least Rs300bn’,https://www.dawn.com/news/2011202/call-to-increase-karachi-metropolitan-corporation-budget-from-rs60bn-to-at-least-rs300bn,https://i.dawn.com/thumbnail/2026/06/281008131dcc83d.webp,data/raw/images/article_29.webp
Dawn,Governor Kundi calls for joint efforts to secure KP’s share under NFC,https://www.dawn.com/news/2011321/governor-kundi-calls-for-joint-efforts-to-secure-kps-share-under-nfc,https://i.dawn.com/thumbnail/2026/06/28105319be1d020.webp,data/raw/images/article_30.webp
Dawn,Lawmakers from tribal districts threaten protest against imposition of taxes,https://www.dawn.com/news/2011336/lawmakers-from-tribal-districts-threaten-protest-against-imposition-of-taxes,https://i.dawn.com/thumbnail/2026/06/281049114f0f2a7.webp,data/raw/images/article_31.webp
Dawn,"15 terrorists killed in operations across Balochistan, KP",https://www.dawn.com/news/2011269/15-terrorists-killed-in-operations-across-balochistan-kp,https://i.dawn.com/thumbnail/2026/06/280830017edf82f.webp,data/raw/images/article_32.webp
Dawn,"PMD issues Glof alert for GB, KP amid soaring temperatures",https://www.dawn.com/news/2011118/pmd-issues-glof-alert-for-gb-kp-amid-soaring-temperatures,https://i.dawn.com/thumbnail/2026/06/27113427d960489.webp,data/raw/images/article_33.webp
Dawn,Patients with damaged kidneys suffer due to lack of awareness about organ donation,https://www.dawn.com/news/2011333/patients-with-damaged-kidneys-suffer-due-to-lack-of-awareness-about-organ-donation,https://i.dawn.com/thumbnail/2026/06/28105631d36372b.webp,data/raw/images/article_34.webp
Dawn,Three injured in Khanuzai mine tragedy,https://www.dawn.com/news/2011263/three-injured-in-khanuzai-mine-tragedy,https://i.dawn.com/thumbnail/2026/06/28090328ea73f9d.webp,data/raw/images/article_35.webp
Dawn,"15 terrorists killed in operations across Balochistan, KP",https://www.dawn.com/news/2011269/15-terrorists-killed-in-operations-across-balochistan-kp,https://i.dawn.com/thumbnail/2026/06/280830017edf82f.webp,data/raw/images/article_36.webp
Dawn,Restaurant owner shot dead in Quetta,https://www.dawn.com/news/2011265/restaurant-owner-shot-dead-in-quetta,https://i.dawn.com/thumbnail/2026/06/280849232d2deeb.webp,data/raw/images/article_37.webp
Dawn,5.9- ma­gnitude earthquake sends light to moderate tremors across Paki­stan,https://www.dawn.com/news/2011273,https://i.dawn.com/thumbnail/2026/06/2807490955511cc.webp,data/raw/images/article_38.webp
Dawn,8 terrorists killed in high-tempo intelligence operations in Balochistan: ISPR,https://www.dawn.com/news/2011113/8-terrorists-killed-in-high-tempo-intelligence-operations-in-balochistan-ispr,https://i.dawn.com/thumbnail/2026/06/271052166378c48.webp,data/raw/images/article_39.webp
Dawn,Citizens support 5pc tax on social media influencers: survey,https://www.dawn.com/news/2011308/citizens-support-5pc-tax-on-social-media-influencers-survey,https://i.dawn.com/thumbnail/2026/06/28103030985f54a.webp,data/raw/images/article_40.webp
Dawn,Audit points to unaccounted Unicef grant in Islamabad labour department,https://www.dawn.com/news/2011316/audit-points-to-unaccounted-unicef-grant-in-islamabad-labour-department,https://i.dawn.com/thumbnail/2026/06/2810354397ae4b1.webp,data/raw/images/article_41.webp
Dawn,PML-N announces five more tickets for AJK polls,https://www.dawn.com/news/2011315/pml-n-announces-five-more-tickets-for-ajk-polls,https://i.dawn.com/thumbnail/2026/06/281040121d720c9.webp,data/raw/images/article_42.webp
Dawn,Pakistan Medical Association urges nationwide efforts for confidential HIV testing,https://www.dawn.com/news/2011314/pakistan-medical-association-urges-nationwide-efforts-for-confidential-hiv-testing,https://i.dawn.com/thumbnail/2026/06/281042102b27ef8.webp,data/raw/images/article_43.webp
Dawn,"Rawalpindi Ring Road near completion, set for opening in July",https://www.dawn.com/news/2011313/rawalpindi-ring-road-near-completion-set-for-opening-in-july,https://i.dawn.com/thumbnail/2026/06/281048226d978ef.webp,data/raw/images/article_44.webp
Dawn,FIFA 2026: A World Cup group stage unlike any other,https://www.dawn.com/news/2011363/fifa-2026-a-world-cup-group-stage-unlike-any-other,https://i.dawn.com/medium/2026/06/28112052769f4b5.webp,data/raw/images/article_45.webp
Dawn,Pakistan’s growing economic engagement with Iran is driven by strategic considerations,https://www.dawn.com/news/2011286,https://i.dawn.com/medium/2026/06/28083932dda1acd.webp,data/raw/images/article_46.webp
Dawn,'Grief into strength': Mashal Khan's sister graduates in journalism from Toronto university,https://www.dawn.com/news/2011320/mashals-sister-gets-degree-from-toronto-varsity,https://i.dawn.com/medium/2026/06/2810240846f3878.webp,data/raw/images/article_47.webp
Dawn,Editorial: US and Iran should now activate the deconfliction mechanism envisaged in their MoU to prevent escalation,https://www.dawn.com/news/2011280,https://i.dawn.com/thumbnail/2026/06/28082709840fdc4.webp,data/raw/images/article_48.webp
Dawn,Why should life be treated differently when it exists in a non-human form?,https://www.dawn.com/news/2011285,https://i.dawn.com/thumbnail/2026/06/28094619f329e8e.webp,data/raw/images/article_49.webp
Dawn,Smokers' Corner: Israel and India weaponising a perceived 'suffering' to steer their discourse,https://www.dawn.com/news/2011224,https://i.dawn.com/thumbnail/2026/06/281011489952735.webp,data/raw/images/article_50.webp
Dawn,The Punjab government can cancel you with this law,https://www.dawn.com/news/2011111/the-punjab-government-can-cancel-you-with-this-law,https://i.dawn.com/thumbnail/2026/06/27105336ce2720d.webp,data/raw/images/article_51.webp
Dawn,What challenges lie ahead for the US-Israel-Lebanon agreement?,https://www.dawn.com/news/2011181/what-challenges-lie-ahead-for-the-us-israel-lebanon-agreement,https://i.dawn.com/thumbnail/2026/06/27211611765cf80.webp,data/raw/images/article_52.webp
Dawn,How some Venezuelans' smartphones warned of quake,https://www.dawn.com/news/2011159/how-some-venezuelans-smartphones-warned-of-quake,https://i.dawn.com/thumbnail/2026/06/27171833aba55dd.webp,data/raw/images/article_53.webp
Dawn,"Marcelo Bielsa: The coach who changed football, but not his ways",https://www.dawn.com/news/2011170/marcelo-bielsa-the-coach-who-changed-football-but-not-his-ways,https://i.dawn.com/thumbnail/2026/06/271858510d7c17c.webp,data/raw/images/article_54.webp
Dawn,Iran fans on emotional rollercoaster after FIFA World Cup draw with Egypt,https://www.dawn.com/news/2011150/iran-fans-on-emotional-rollercoaster-after-fifa-world-cup-draw-with-egypt,https://i.dawn.com/thumbnail/2026/06/271537366458904.webp,data/raw/images/article_55.webp
Dawn,Soul-stirring nohas shaping the soundscape of Muharram,https://www.dawn.com/news/2009513/soundscapes-of-muharram,https://i.dawn.com/large/2026/06/24195300379140c.webp,data/raw/images/article_56.webp
Dawn,Inside South Asia’s Growing Surveillance Network,https://www.youtube.com/watch?v=8VPU7CoGLmM,"data:image/png;base64,iVBORw0KGgoAAAANSUhEUgAAAAEAAAABCAQAAAC1HAwCAAAAC0lEQVR42mN8Vw8AAmEBb87E6jIAAAAASUVORK5CYII=",
Dawn,World Cup 2026 Preview Ep. 5,https://www.youtube.com/watch?v=BeGoxhRbJyo,"data:image/png;base64,iVBORw0KGgoAAAANSUhEUgAAAAEAAAABCAQAAAC1HAwCAAAAC0lEQVR42mN8Vw8AAmEBb87E6jIAAAAASUVORK5CYII=",
Dawn,Why Electric Bikes Make Economic Sense in Pakistan,https://www.youtube.com/watch?v=OmdyTD0PjPw,"data:image/png;base64,iVBORw0KGgoAAAANSUhEUgAAAAEAAAABCAQAAAC1HAwCAAAAC0lEQVR42mN8Vw8AAmEBb87E6jIAAAAASUVORK5CYII=",
Dawn,Paraguay World Cup 2026 Preview: The Dark Horse Nobody Wants to Face,https://www.youtube.com/watch?v=R-M40PNAjew,"data:image/png;base64,iVBORw0KGgoAAAANSUhEUgAAAAEAAAABCAQAAAC1HAwCAAAAC0lEQVR42mN8Vw8AAmEBb87E6jIAAAAASUVORK5CYII=",
Dawn,Austria World Cup 2026 Preview: Can Rangnick's Side Surprise the Giants,https://www.youtube.com/watch?v=OawwGKr7p7g,"data:image/png;base64,iVBORw0KGgoAAAANSUhEUgAAAAEAAAABCAQAAAC1HAwCAAAAC0lEQVR42mN8Vw8AAmEBb87E6jIAAAAASUVORK5CYII=",
Dawn,"Pakistan Budget 2026-27: More Taxes, Less Growth?",https://www.youtube.com/watch?v=Dg5cpe0W7do,"data:image/png;base64,iVBORw0KGgoAAAANSUhEUgAAAAEAAAABCAQAAAC1HAwCAAAAC0lEQVR42mN8Vw8AAmEBb87E6jIAAAAASUVORK5CYII=",
Dawn,Arsenal Lose UCL Final To PSG,https://www.youtube.com/watch?v=4bXxGJyxZBQ,"data:image/png;base64,iVBORw0KGgoAAAANSUhEUgAAAAEAAAABCAQAAAC1HAwCAAAAC0lEQVR42mN8Vw8AAmEBb87E6jIAAAAASUVORK5CYII=",
Dawn,Resecurity partners with BankIslami Pakistan to enhance digital risk monitoring and cyber threat intelligence,https://www.dawn.com/news/2010589/resecurity-partners-with-bankislami-pakistan-to-enhance-digital-risk-monitoring-and-cyber-threat-intelligence,https://i.dawn.com/medium/2026/06/24231313a9f9998.webp,data/raw/images/article_64.webp
Dawn,Alif Holdings hosts Real Estate CEOs Conference with Bilal Yaseen live podcast by Mansoor Ali Khan,https://www.dawn.com/news/2010029/alif-holdings-hosts-real-estate-ceos-conference-with-bilal-yaseen-live-podcast-by-mansoor-ali-khan,https://i.dawn.com/medium/2026/06/221821578f97011.webp,data/raw/images/article_65.webp
Dawn,'The Tide Continues To Rise' – ABHI Microfinance Bank,https://www.dawn.com/news/2010004/the-tide-continues-to-rise-abhi-microfinance-bank,https://i.dawn.com/medium/2026/06/22151800197728a.webp,data/raw/images/article_66.webp
Dawn,Mob vandalises suspect’s shop in Sargodha murder case,https://www.dawn.com/news/2011300,https://i.dawn.com/thumbnail/2026/06/28113458d5434a3.webp,data/raw/images/article_67.webp
Dawn,Punjab Assembly passes budget amid opposition walkout,https://www.dawn.com/news/2011298/punjab-assembly-passes-budget-amid-opposition-walkout,https://i.dawn.com/thumbnail/2026/06/28101819551a074.webp,data/raw/images/article_68.webp
Dawn,Lahore High Court strikes down supersession of two senior bureaucrats,https://www.dawn.com/news/2011302/lahore-high-court-strikes-down-supersession-of-two-senior-bureaucrats,https://i.dawn.com/thumbnail/2026/06/28101208972b1dc.webp,data/raw/images/article_69.webp
Dawn,Citywide crackdown on helmetless bikers in Lahore,https://www.dawn.com/news/2011296/citywide-crackdown-on-helmetless-bikers-in-lahore,https://i.dawn.com/thumbnail/2026/06/281022335c9ff29.webp,data/raw/images/article_70.webp
Dawn,"Bodies of woman, three children found at home in Okara",https://www.dawn.com/news/2011301/bodies-of-woman-three-children-found-at-home-in-okara,https://i.dawn.com/thumbnail/2026/06/281015328341e81.webp,data/raw/images/article_71.webp
Dawn,"Sindh budget debate marked by sharp exchanges, calls for civility",https://www.dawn.com/news/2011203/sindh-budget-debate-marked-by-sharp-exchanges-calls-for-civility,https://i.dawn.com/thumbnail/2026/06/28095417c20058c.webp,data/raw/images/article_72.webp
Dawn,"Unfilled govt jobs foster ad-hocism, open door to nepotism, rules Sindh High Court",https://www.dawn.com/news/2011206/unfilled-govt-jobs-foster-ad-hocism-open-door-to-nepotism-rules-sindh-high-court,https://i.dawn.com/thumbnail/2026/06/28095833f58ae93.webp,data/raw/images/article_73.webp
Dawn,"Bodies of woman, minor daughter found inside home in Karachi's Malir",https://www.dawn.com/news/2011205/bodies-of-woman-minor-daughter-found-inside-home-in-karachis-malir,https://i.dawn.com/thumbnail/2026/06/281005085d0046a.webp,data/raw/images/article_74.webp
Dawn,3 personnel martyred as attack on Rangers facility in Karachi foiled: ISPR,https://www.dawn.com/news/2011178/3-personnel-martyred-as-attack-on-rangers-facility-in-karachi-foiled-ispr,https://i.dawn.com/thumbnail/2026/06/28095602d55b506.webp,data/raw/images/article_75.webp
Dawn,Call to increase Karachi Metropolitan Corporation budget from Rs60bn to ‘at least Rs300bn’,https://www.dawn.com/news/2011202/call-to-increase-karachi-metropolitan-corporation-budget-from-rs60bn-to-at-least-rs300bn,https://i.dawn.com/thumbnail/2026/06/281008131dcc83d.webp,data/raw/images/article_76.webp
Dawn,Governor Kundi calls for joint efforts to secure KP’s share under NFC,https://www.dawn.com/news/2011321/governor-kundi-calls-for-joint-efforts-to-secure-kps-share-under-nfc,https://i.dawn.com/thumbnail/2026/06/28105319be1d020.webp,data/raw/images/article_77.webp
Dawn,Lawmakers from tribal districts threaten protest against imposition of taxes,https://www.dawn.com/news/2011336/lawmakers-from-tribal-districts-threaten-protest-against-imposition-of-taxes,https://i.dawn.com/thumbnail/2026/06/281049114f0f2a7.webp,data/raw/images/article_78.webp
Dawn,"15 terrorists killed in operations across Balochistan, KP",https://www.dawn.com/news/2011269/15-terrorists-killed-in-operations-across-balochistan-kp,https://i.dawn.com/thumbnail/2026/06/280830017edf82f.webp,data/raw/images/article_79.webp
Dawn,"PMD issues Glof alert for GB, KP amid soaring temperatures",https://www.dawn.com/news/2011118/pmd-issues-glof-alert-for-gb-kp-amid-soaring-temperatures,https://i.dawn.com/thumbnail/2026/06/27113427d960489.webp,data/raw/images/article_80.webp
Dawn,Patients with damaged kidneys suffer due to lack of awareness about organ donation,https://www.dawn.com/news/2011333/patients-with-damaged-kidneys-suffer-due-to-lack-of-awareness-about-organ-donation,https://i.dawn.com/thumbnail/2026/06/28105631d36372b.webp,data/raw/images/article_81.webp
Dawn,Three injured in Khanuzai mine tragedy,https://www.dawn.com/news/2011263/three-injured-in-khanuzai-mine-tragedy,https://i.dawn.com/thumbnail/2026/06/28090328ea73f9d.webp,data/raw/images/article_82.webp
Dawn,"15 terrorists killed in operations across Balochistan, KP",https://www.dawn.com/news/2011269/15-terrorists-killed-in-operations-across-balochistan-kp,https://i.dawn.com/thumbnail/2026/06/280830017edf82f.webp,data/raw/images/article_83.webp
Dawn,Restaurant owner shot dead in Quetta,https://www.dawn.com/news/2011265/restaurant-owner-shot-dead-in-quetta,https://i.dawn.com/thumbnail/2026/06/280849232d2deeb.webp,data/raw/images/article_84.webp
Dawn,5.9- ma­gnitude earthquake sends light to moderate tremors across Paki­stan,https://www.dawn.com/news/2011273,https://i.dawn.com/thumbnail/2026/06/2807490955511cc.webp,data/raw/images/article_85.webp
Dawn,8 terrorists killed in high-tempo intelligence operations in Balochistan: ISPR,https://www.dawn.com/news/2011113/8-terrorists-killed-in-high-tempo-intelligence-operations-in-balochistan-ispr,https://i.dawn.com/thumbnail/2026/06/271052166378c48.webp,data/raw/images/article_86.webp
Dawn,Citizens support 5pc tax on social media influencers: survey,https://www.dawn.com/news/2011308/citizens-support-5pc-tax-on-social-media-influencers-survey,https://i.dawn.com/thumbnail/2026/06/28103030985f54a.webp,data/raw/images/article_87.webp
Dawn,Audit points to unaccounted Unicef grant in Islamabad labour department,https://www.dawn.com/news/2011316/audit-points-to-unaccounted-unicef-grant-in-islamabad-labour-department,https://i.dawn.com/thumbnail/2026/06/2810354397ae4b1.webp,data/raw/images/article_88.webp
Dawn,PML-N announces five more tickets for AJK polls,https://www.dawn.com/news/2011315/pml-n-announces-five-more-tickets-for-ajk-polls,https://i.dawn.com/thumbnail/2026/06/281040121d720c9.webp,data/raw/images/article_89.webp
Dawn,Pakistan Medical Association urges nationwide efforts for confidential HIV testing,https://www.dawn.com/news/2011314/pakistan-medical-association-urges-nationwide-efforts-for-confidential-hiv-testing,https://i.dawn.com/thumbnail/2026/06/281042102b27ef8.webp,data/raw/images/article_90.webp
Dawn,"Rawalpindi Ring Road near completion, set for opening in July",https://www.dawn.com/news/2011313/rawalpindi-ring-road-near-completion-set-for-opening-in-july,https://i.dawn.com/thumbnail/2026/06/281048226d978ef.webp,data/raw/images/article_91.webp
Dawn,Soul-stirring nohas shaping the soundscape of Muharram,https://www.dawn.com/news/2009513/soundscapes-of-muharram,https://i.dawn.com/large/2026/06/24195300379140c.webp,data/raw/images/article_92.webp
Dawn,Iranian oil option returns for Pakistan,https://www.dawn.com/news/2010876/iranian-oil-option-returns-for-pakistan,,
Dawn,Foreign specialists to provide treatment in Punjab hospitals,https://www.dawn.com/news/2010940/foreign-specialists-to-provide-treatment-in-punjab-hospitals,https://i.dawn.com/medium/2026/06/26091213ec5bc63.webp,data/raw/images/article_94.webp
Dawn,"15,000 used cars get clearance window",https://www.dawn.com/news/2010874/15000-used-cars-get-clearance-window,https://i.dawn.com/medium/2026/06/26072047e383fbf.webp,data/raw/images/article_95.webp
Dawn,"US and Iran trade strikes, putting fresh strain on Mideast ceasefire",https://www.dawn.com/news/2011094/us-and-iran-trade-strikes-putting-fresh-strain-on-mideast-ceasefire,https://i.dawn.com/medium/2026/06/270732462557510.webp,data/raw/images/article_96.webp
Dawn,Court orders protection of private housing society’s residents,https://www.dawn.com/news/2010948/court-orders-protection-of-private-housing-societys-residents,https://i.dawn.com/medium/2026/06/26084311e31e132.webp,data/raw/images/article_97.webp
Dawn,"Govt keeps petrol, diesel prices unchanged 'till further orders'",https://www.dawn.com/news/2011069/govt-keeps-petrol-diesel-prices-unchanged-till-further-orders,https://i.dawn.com/medium/2026/06/2621323798f29ec.webp,data/raw/images/article_98.webp
Dawn,Parwaz Card initiative: 135 skilled youths leave for KSA to start jobs,https://www.dawn.com/news/2010698/parwaz-card-initiative-135-skilled-youths-leave-for-ksa-to-start-jobs,https://i.dawn.com/medium/2026/06/2509182817fe0a6.webp,data/raw/images/article_99.webp
Dawn,Dams on Chenab — a target?,https://www.dawn.com/news/2010916/dams-on-chenab-a-target,https://i.dawn.com/medium/2026/06/260731062224b0f.webp,data/raw/images/article_100.webp
Dawn,"Rain expected in twin cities of Islamabad, Rawalpindi today",https://www.dawn.com/news/2010952/rain-expected-in-twin-cities-of-islamabad-rawalpindi-today,https://i.dawn.com/medium/2026/06/260905294889474.gif,data/raw/images/article_101.webp
Dawn,Gomal Zam hydropower station restored to full capacity after eight years,https://www.dawn.com/news/2011038/gomal-zam-hydropower-station-restored-to-full-capacity-after-eight-years,https://i.dawn.com/medium/2026/06/261634148e8209f.webp,data/raw/images/article_102.webp
Dawn,Why do nations fail?,https://www.dawn.com/news/2010917/why-do-nations-fail,https://i.dawn.com/medium/2026/06/26073440d5c0b41.webp,data/raw/images/article_103.webp
Dawn,"India increasingly resorting to covert tactics, proxies to undermine peace in Pakistan: PM Shehbaz",https://www.dawn.com/news/2011102/india-increasingly-resorting-to-covert-tactics-proxies-to-undermine-peace-in-pakistan-pm-shehbaz,https://i.dawn.com/medium/2026/06/271313280848fcc.webp,data/raw/images/article_104.webp
Dawn,Unintended consequences,https://www.dawn.com/news/2010907/unintended-consequences,https://i.dawn.com/medium/2026/06/2606042676e574b.webp,data/raw/images/article_105.webp
Dawn,After the budget,https://www.dawn.com/news/2010906/after-the-budget,,
Dawn,Govt skips bidding for motorway project,https://www.dawn.com/news/2010636/govt-skips-bidding-for-motorway-project,https://i.dawn.com/medium/2026/06/25071240a1299f1.webp,data/raw/images/article_107.webp
Dawn,UK TikTok influencer ‘faces death penalty in Dubai’,https://www.dawn.com/news/2010992/uk-tiktok-influencer-faces-death-penalty-in-dubai,https://i.dawn.com/medium/2026/06/27081736a893fa4.webp,data/raw/images/article_108.webp
Dawn,Swedish minister breaks ground by bringing baby to EU talks,https://www.dawn.com/news/2010887/swedish-minister-breaks-ground-by-bringing-baby-to-eu-talks,https://i.dawn.com/medium/2026/06/2605205446fb44b.webp,data/raw/images/article_109.webp
Dawn,The Punjab government can cancel you with this law,https://www.dawn.com/news/2011111/the-punjab-government-can-cancel-you-with-this-law,https://i.dawn.com/medium/2026/06/27105336ce2720d.webp,data/raw/images/article_110.webp
Dawn,Lamp of guidance,https://www.dawn.com/news/2010908/lamp-of-guidance,https://i.dawn.com/medium/2026/06/26060611815e62d.webp,data/raw/images/article_111.webp
Dawn,Oil down 2pc amid resumption of Hormuz shipments even as vessel hit near Oman,https://www.dawn.com/news/2011012/oil-down-2pc-amid-resumption-of-hormuz-shipments-even-as-vessel-hit-near-oman,https://i.dawn.com/medium/2026/06/2612245147f5bc4.webp,data/raw/images/article_112.webp
Dawn,Another group of Iranian sailors from vessel seized by US arrives in Pakistan,https://www.dawn.com/news/2011061/another-group-of-iranian-sailors-from-vessel-seized-by-us-arrives-in-pakistan,https://i.dawn.com/medium/2026/06/26201422d6a0018.webp,data/raw/images/article_113.webp
Dawn,Missing the mark,https://www.dawn.com/news/2010905/missing-the-mark,https://i.dawn.com/medium/2026/06/270740026ec13f3.webp,data/raw/images/article_114.webp
Dawn,Up in smoke,https://www.dawn.com/news/2010904/up-in-smoke,,
Dawn,"Small aircraft crashes into Beijing's tallest building, eyewitnesses say",https://www.dawn.com/news/2011060/small-aircraft-crashes-into-beijings-tallest-building-eyewitnesses-say,https://i.dawn.com/medium/2026/06/261930260e04290.webp,data/raw/images/article_116.webp
Dawn,"Around 1,500 citizens petition against review of restaurant demolition in Margalla park",https://www.dawn.com/news/2010701/around-1500-citizens-petition-against-review-of-restaurant-demolition-in-margalla-park,https://i.dawn.com/medium/2026/06/25095444f8ac1b9.webp,data/raw/images/article_117.webp
Dawn,Dreaming of connectivity,https://www.dawn.com/news/2011286/dreaming-of-connectivity,"data:image/png;base64,iVBORw0KGgoAAAANSUhEUgAAAAEAAAABCAQAAAC1HAwCAAAAC0lEQVR42mN8Vw8AAmEBb87E6jIAAAAASUVORK5CYII=",
Dawn,Guardians or captors: the two faces of humanity,https://www.dawn.com/news/2011285/guardians-or-captors-the-two-faces-of-humanity,"data:image/png;base64,iVBORw0KGgoAAAANSUhEUgAAAAEAAAABCAQAAAC1HAwCAAAAC0lEQVR42mN8Vw8AAmEBb87E6jIAAAAASUVORK5CYII=",
Dawn,The same reflex,https://www.dawn.com/news/2011284/the-same-reflex,"data:image/png;base64,iVBORw0KGgoAAAANSUhEUgAAAAEAAAABCAQAAAC1HAwCAAAAC0lEQVR42mN8Vw8AAmEBb87E6jIAAAAASUVORK5CYII=",
Dawn,Climate budget,https://www.dawn.com/news/2011282/climate-budget,"data:image/png;base64,iVBORw0KGgoAAAANSUhEUgAAAAEAAAABCAQAAAC1HAwCAAAAC0lEQVR42mN8Vw8AAmEBb87E6jIAAAAASUVORK5CYII=",
Dawn,Why do nations fail?,https://www.dawn.com/news/2010917/why-do-nations-fail,"data:image/png;base64,iVBORw0KGgoAAAANSUhEUgAAAAEAAAABCAQAAAC1HAwCAAAAC0lEQVR42mN8Vw8AAmEBb87E6jIAAAAASUVORK5CYII=",
Dawn,Truce tested,https://www.dawn.com/news/2011280/truce-tested,,
Dawn,Paper promises,https://www.dawn.com/news/2011279/paper-promises,,
Dawn,Still the masters,https://www.dawn.com/news/2011278/still-the-masters,,
Dawn,"Cartoon: 28 June, 2026",https://www.dawn.com/news/2011337/cartoon-28-june-2026,"data:image/png;base64,iVBORw0KGgoAAAANSUhEUgAAAAEAAAABCAQAAAC1HAwCAAAAC0lEQVR42mN8Vw8AAmEBb87E6jIAAAAASUVORK5CYII=",
Dawn,Why do nations fail?,https://www.dawn.com/news/2010917/why-do-nations-fail,,
Dawn,Dams on Chenab — a target?,https://www.dawn.com/news/2010916/dams-on-chenab-a-target,,
Dawn,Unintended consequences,https://www.dawn.com/news/2010907/unintended-consequences,,
Dawn,Lamp of guidance,https://www.dawn.com/news/2010908/lamp-of-guidance,,
Dawn,Post-budget chores,https://www.dawn.com/news/2010677/post-budget-chores,,
Dawn,The promise of digital payments,https://www.dawn.com/news/2010676/the-promise-of-digital-payments,,
Dawn,Interior ministry tops AGP audit irregularities,https://www.dawn.com/news/2011270/interior-ministry-tops-agp-audit-irregularities,"data:image/png;base64,iVBORw0KGgoAAAANSUhEUgAAAAEAAAABCAQAAAC1HAwCAAAAC0lEQVR42mN8Vw8AAmEBb87E6jIAAAAASUVORK5CYII=",
Dawn,Federal Board of Revenue eyes new performance metrics,https://www.dawn.com/news/2011250/federal-board-of-revenue-eyes-new-performance-metrics,"data:image/png;base64,iVBORw0KGgoAAAANSUhEUgAAAAEAAAABCAQAAAC1HAwCAAAAC0lEQVR42mN8Vw8AAmEBb87E6jIAAAAASUVORK5CYII=",
Dawn,Railways losses swell to Rs61bn,https://www.dawn.com/news/2011249/railways-losses-swell-to-rs61bn,"data:image/png;base64,iVBORw0KGgoAAAANSUhEUgAAAAEAAAABCAQAAAC1HAwCAAAAC0lEQVR42mN8Vw8AAmEBb87E6jIAAAAASUVORK5CYII=",
Dawn,Tobacco growers reject move to scrap price mechanism,https://www.dawn.com/news/2011245/tobacco-growers-reject-move-to-scrap-price-mechanism,"data:image/png;base64,iVBORw0KGgoAAAANSUhEUgAAAAEAAAABCAQAAAC1HAwCAAAAC0lEQVR42mN8Vw8AAmEBb87E6jIAAAAASUVORK5CYII=",
Dawn,Governor Kundi calls for joint efforts to secure KP’s share under NFC,https://www.dawn.com/news/2011321/governor-kundi-calls-for-joint-efforts-to-secure-kps-share-under-nfc,"data:image/png;base64,iVBORw0KGgoAAAANSUhEUgAAAAEAAAABCAQAAAC1HAwCAAAAC0lEQVR42mN8Vw8AAmEBb87E6jIAAAAASUVORK5CYII=",
Dawn,LPG shortage cripples Hyderabad bangle industry,https://www.dawn.com/news/2011247/lpg-shortage-cripples-hyderabad-bangle-industry,"data:image/png;base64,iVBORw0KGgoAAAANSUhEUgAAAAEAAAABCAQAAAC1HAwCAAAAC0lEQVR42mN8Vw8AAmEBb87E6jIAAAAASUVORK5CYII=",
Dawn,DR Congo advance but Iran out as wild World Cup group stage wraps,https://www.dawn.com/news/2011372/dr-congo-advance-but-iran-out-as-wild-world-cup-group-stage-wraps,"data:image/png;base64,iVBORw0KGgoAAAANSUhEUgAAAAEAAAABCAQAAAC1HAwCAAAAC0lEQVR42mN8Vw8AAmEBb87E6jIAAAAASUVORK5CYII=",
Dawn,"Messi scores again as Argentina beat Jordan, head into FIFA World Cup last 32 on a high",https://www.dawn.com/news/2011368/messi-scores-again-as-argentina-beat-jordan-head-into-fifa-world-cup-last-32-on-a-high,"data:image/png;base64,iVBORw0KGgoAAAANSUhEUgAAAAEAAAABCAQAAAC1HAwCAAAAC0lEQVR42mN8Vw8AAmEBb87E6jIAAAAASUVORK5CYII=",
Dawn,FIFA 2026: A World Cup group stage unlike any other,https://www.dawn.com/news/2011363/fifa-2026-a-world-cup-group-stage-unlike-any-other,"data:image/png;base64,iVBORw0KGgoAAAANSUhEUgAAAAEAAAABCAQAAAC1HAwCAAAAC0lEQVR42mN8Vw8AAmEBb87E6jIAAAAASUVORK5CYII=",
Dawn,Colombia and Portugal advance after no-bore draw in Miami,https://www.dawn.com/news/2011283/colombia-and-portugal-advance-after-no-bore-draw-in-miami,"data:image/png;base64,iVBORw0KGgoAAAANSUhEUgAAAAEAAAABCAQAAAC1HAwCAAAAC0lEQVR42mN8Vw8AAmEBb87E6jIAAAAASUVORK5CYII=",
Dawn,Bellingham and Kane shine as England sink Panama to top group,https://www.dawn.com/news/2011276/bellingham-and-kane-shine-as-england-sink-panama-to-top-group,"data:image/png;base64,iVBORw0KGgoAAAANSUhEUgAAAAEAAAABCAQAAAC1HAwCAAAAC0lEQVR42mN8Vw8AAmEBb87E6jIAAAAASUVORK5CYII=",
Dawn,Ireland beat India for first time in international cricket,https://www.dawn.com/news/2011216/ireland-beat-india-for-first-time-in-international-cricket,"data:image/png;base64,iVBORw0KGgoAAAANSUhEUgAAAAEAAAABCAQAAAC1HAwCAAAAC0lEQVR42mN8Vw8AAmEBb87E6jIAAAAASUVORK5CYII=",
Dawn,"Trump threatens to annihilate Iran after tit-for-tat attacks, recriminations over peace deal violations",https://www.dawn.com/news/2011386/trump-threatens-to-annihilate-iran-after-tit-for-tat-attacks-recriminations-over-peace-deal-violations,"data:image/png;base64,iVBORw0KGgoAAAANSUhEUgAAAAEAAAABCAQAAAC1HAwCAAAAC0lEQVR42mN8Vw8AAmEBb87E6jIAAAAASUVORK5CYII=",
Dawn,Google limits Meta's use of its Gemini AI models: report,https://www.dawn.com/news/2011390/google-limits-metas-use-of-its-gemini-ai-models-report,"data:image/png;base64,iVBORw0KGgoAAAANSUhEUgAAAAEAAAABCAQAAAC1HAwCAAAAC0lEQVR42mN8Vw8AAmEBb87E6jIAAAAASUVORK5CYII=",
Dawn,"South Korea accuses China, Russia of breaching air defence zone",https://www.dawn.com/news/2011260/south-korea-accuses-china-russia-of-breaching-air-defence-zone,"data:image/png;base64,iVBORw0KGgoAAAANSUhEUgAAAAEAAAABCAQAAAC1HAwCAAAAC0lEQVR42mN8Vw8AAmEBb87E6jIAAAAASUVORK5CYII=",
Dawn,Lebanon hit by Israel again despite signing peace deal,https://www.dawn.com/news/2011244/lebanon-hit-by-israel-again-despite-signing-peace-deal,"data:image/png;base64,iVBORw0KGgoAAAANSUhEUgAAAAEAAAABCAQAAAC1HAwCAAAAC0lEQVR42mN8Vw8AAmEBb87E6jIAAAAASUVORK5CYII=",
Dawn,Six Israeli settlers charged with terror offences,https://www.dawn.com/news/2011255/six-israeli-settlers-charged-with-terror-offences,"data:image/png;base64,iVBORw0KGgoAAAANSUhEUgAAAAEAAAABCAQAAAC1HAwCAAAAC0lEQVR42mN8Vw8AAmEBb87E6jIAAAAASUVORK5CYII=",
Dawn,Germany signals return of compulsory military service,https://www.dawn.com/news/2011254/germany-signals-return-of-compulsory-military-service,"data:image/png;base64,iVBORw0KGgoAAAANSUhEUgAAAAEAAAABCAQAAAC1HAwCAAAAC0lEQVR42mN8Vw8AAmEBb87E6jIAAAAASUVORK5CYII=",
Dawn,Why is Anayah Shahid being called evil for playing a villain in Zanjeerain?,https://images.dawn.com/news/1195474,"data:image/png;base64,iVBORw0KGgoAAAANSUhEUgAAAAEAAAABCAQAAAC1HAwCAAAAC0lEQVR42mN8Vw8AAmEBb87E6jIAAAAASUVORK5CYII=",
Dawn,"In Kansas City, Messi is the GOAT... at removing unwanted vegetation",https://images.dawn.com/news/1195473/in-kansas-city-messi-is-the-goat-at-removing-unwanted-vegetation,"data:image/png;base64,iVBORw0KGgoAAAANSUhEUgAAAAEAAAABCAQAAAC1HAwCAAAAC0lEQVR42mN8Vw8AAmEBb87E6jIAAAAASUVORK5CYII=",
Dawn,'No crown is worth hatred': Roma Riaz speaks out after 'bullying' during selection of Miss Universe 2026,https://images.dawn.com/news/1195472/no-crown-is-worth-hatred-roma-riaz-speaks-out-after-bullying-during-selection-of-miss-universe-2026,"data:image/png;base64,iVBORw0KGgoAAAANSUhEUgAAAAEAAAABCAQAAAC1HAwCAAAAC0lEQVR42mN8Vw8AAmEBb87E6jIAAAAASUVORK5CYII=",
Dawn,The Punjab government can cancel you with this law,https://www.dawn.com/news/2011111/the-punjab-government-can-cancel-you-with-this-law,"data:image/png;base64,iVBORw0KGgoAAAANSUhEUgAAAAEAAAABCAQAAAC1HAwCAAAAC0lEQVR42mN8Vw8AAmEBb87E6jIAAAAASUVORK5CYII=",
Dawn,Pakistan’s legal system isn’t built for children. This clinic is trying to change that,https://www.dawn.com/news/2010785/pakistans-legal-system-isnt-built-for-children-this-clinic-is-trying-to-change-that,"data:image/png;base64,iVBORw0KGgoAAAANSUhEUgAAAAEAAAABCAQAAAC1HAwCAAAAC0lEQVR42mN8Vw8AAmEBb87E6jIAAAAASUVORK5CYII=",
Dawn,Balochistan just benched its best team,https://www.dawn.com/news/2010492/balochistan-just-benched-its-best-team,"data:image/png;base64,iVBORw0KGgoAAAANSUhEUgAAAAEAAAABCAQAAAC1HAwCAAAAC0lEQVR42mN8Vw8AAmEBb87E6jIAAAAASUVORK5CYII=",
Dawn,Google limits Meta's use of its Gemini AI models: report,https://www.dawn.com/news/2011390/google-limits-metas-use-of-its-gemini-ai-models-report,"data:image/png;base64,iVBORw0KGgoAAAANSUhEUgAAAAEAAAABCAQAAAC1HAwCAAAAC0lEQVR42mN8Vw8AAmEBb87E6jIAAAAASUVORK5CYII=",
Dawn,World’s largest particle smasher halts for upgrade to boost hunt for dark matter,https://www.dawn.com/news/2011257/worlds-largest-particle-smasher-halts-for-upgrade-to-boost-hunt-for-dark-matter,"data:image/png;base64,iVBORw0KGgoAAAANSUhEUgAAAAEAAAABCAQAAAC1HAwCAAAAC0lEQVR42mN8Vw8AAmEBb87E6jIAAAAASUVORK5CYII=",
Dawn,Australia to double fine on platforms for flouting teen social media ban,https://www.dawn.com/news/2011172/australia-to-double-fine-on-platforms-for-flouting-teen-social-media-ban,"data:image/png;base64,iVBORw0KGgoAAAANSUhEUgAAAAEAAAABCAQAAAC1HAwCAAAAC0lEQVR42mN8Vw8AAmEBb87E6jIAAAAASUVORK5CYII=",
Dawn,A LEGACY LESS TOLD,https://www.dawn.com/news/2011237/a-legacy-less-told,"data:image/png;base64,iVBORw0KGgoAAAANSUhEUgAAAAEAAAABCAQAAAC1HAwCAAAAC0lEQVR42mN8Vw8AAmEBb87E6jIAAAAASUVORK5CYII=",
Dawn,AN INSTITUTION UNTO HIMSELF,https://www.dawn.com/news/2011236/an-institution-unto-himself,"data:image/png;base64,iVBORw0KGgoAAAANSUhEUgAAAAEAAAABCAQAAAC1HAwCAAAAC0lEQVR42mN8Vw8AAmEBb87E6jIAAAAASUVORK5CYII=",
Dawn,URBANISM: HOW UPSCALE KARACHI LEARNT ABOUT COMMUNITY,https://www.dawn.com/news/2011235/urbanism-how-upscale-karachi-learnt-about-community,"data:image/png;base64,iVBORw0KGgoAAAANSUhEUgAAAAEAAAABCAQAAAC1HAwCAAAAC0lEQVR42mN8Vw8AAmEBb87E6jIAAAAASUVORK5CYII=",
Dawn,THE ICON INTERVIEW: THE RESTLESSNESS OF XULFI,https://www.dawn.com/news/2011362/the-icon-interview-the-restlessness-of-xulfi,"data:image/png;base64,iVBORw0KGgoAAAANSUhEUgAAAAEAAAABCAQAAAC1HAwCAAAAC0lEQVR42mN8Vw8AAmEBb87E6jIAAAAASUVORK5CYII=",
Dawn,OVERHEARD,https://www.dawn.com/news/2011361/overheard,"data:image/png;base64,iVBORw0KGgoAAAANSUhEUgAAAAEAAAABCAQAAAC1HAwCAAAAC0lEQVR42mN8Vw8AAmEBb87E6jIAAAAASUVORK5CYII=",
Dawn,THE GRAPEVINE,https://www.dawn.com/news/2011359/the-grapevine,"data:image/png;base64,iVBORw0KGgoAAAANSUhEUgAAAAEAAAABCAQAAAC1HAwCAAAAC0lEQVR42mN8Vw8AAmEBb87E6jIAAAAASUVORK5CYII=",
Dawn,Punjab’s planned PIVOT,https://www.dawn.com/news/2009890/punjabs-planned-pivot,"data:image/png;base64,iVBORw0KGgoAAAANSUhEUgAAAAEAAAABCAQAAAC1HAwCAAAAC0lEQVR42mN8Vw8AAmEBb87E6jIAAAAASUVORK5CYII=",
Dawn,Sindh’s development question,https://www.dawn.com/news/2009888/sindhs-development-question,,
Dawn,A budget of non-development expenditures,https://www.dawn.com/news/2009887/a-budget-of-non-development-expenditures,,
Dawn,Story time: A topper’s perspective,https://www.dawn.com/news/2011371/story-time-a-toppers-perspective,"data:image/png;base64,iVBORw0KGgoAAAANSUhEUgAAAAEAAAABCAQAAAC1HAwCAAAAC0lEQVR42mN8Vw8AAmEBb87E6jIAAAAASUVORK5CYII=",
Dawn,Why we can’t put the phone down,https://www.dawn.com/news/2011231/why-we-cant-put-the-phone-down,,
Dawn,Mailbox,https://www.dawn.com/news/2011230/mailbox,,
Dawn,NON-FICTION: PUNJAB’S RECKONING WITH PUNJABI,https://www.dawn.com/news/2011227/non-fiction-punjabs-reckoning-with-punjabi,"data:image/png;base64,iVBORw0KGgoAAAANSUhEUgAAAAEAAAABCAQAAAC1HAwCAAAAC0lEQVR42mN8Vw8AAmEBb87E6jIAAAAASUVORK5CYII=",
Dawn,NON-FICTION: THE BEAUTIFUL GAME’S BIGGEST STAGE,https://www.dawn.com/news/2011226/non-fiction-the-beautiful-games-biggest-stage,,
Dawn,FICTION: CLEOPATRA REIMAGINED,https://www.dawn.com/news/2011228/fiction-cleopatra-reimagined,,
Dawn,Dawn Careers,https://www.dawn.com/jobs,https://i.dawn.com/large/2025/09/061945099cad085.webp,data/raw/images/article_175.webp
Dawn,China's Forex market remains steady in May,https://www.dawn.com/news/2008255/chinas-forex-market-remains-steady-in-may,,
Dawn,Folk performances continue to bless the New Year,https://www.chinadaily.com.cn/a/202603/04/WS69a7970fa310d6866eb3b8dc.html,,
Dawn,Middle East turmoil triggers global chain reaction,https://www.chinadaily.com.cn/a/202603/04/WS69a76f91a310d6866eb3b744.html,,
Dawn,Advertisment Supplement,https://drive.google.com/file/d/1NrdpfMWzloelXp-xqcq_keg-HdU7u_lT/view?usp=sharing,"data:image/png;base64,iVBORw0KGgoAAAANSUhEUgAAAAEAAAABCAQAAAC1HAwCAAAAC0lEQVR42mN8Vw8AAmEBb87E6jIAAAAASUVORK5CYII=",
Dawn,Dawn Careers,https://www.dawn.com/jobs,https://i.dawn.com/large/2025/09/061945099cad085.webp,data/raw/images/article_180.webp
Dawn,China's Forex market remains steady in May,https://www.dawn.com/news/2008255/chinas-forex-market-remains-steady-in-may,,
Dawn,Folk performances continue to bless the New Year,https://www.chinadaily.com.cn/a/202603/04/WS69a7970fa310d6866eb3b8dc.html,,
Dawn,Middle East turmoil triggers global chain reaction,https://www.chinadaily.com.cn/a/202603/04/WS69a76f91a310d6866eb3b744.html,,
Dawn,Advertisment Supplement,https://drive.google.com/file/d/1NrdpfMWzloelXp-xqcq_keg-HdU7u_lT/view?usp=sharing,"data:image/png;base64,iVBORw0KGgoAAAANSUhEUgAAAAEAAAABCAQAAAC1HAwCAAAAC0lEQVR42mN8Vw8AAmEBb87E6jIAAAAASUVORK5CYII=",
